"df","LRT","pval","vars"
1,1.78465163465091,0.181579168361548,"study.length"
2,0.52264371172339,0.77003304007883,"sample.size"
2,4.64677146295287,0.0979414202609139,"analysis2"
1,6.93149664088662,0.00846907890587349,"lit.type"
2,3.942158433435,0.139306433228555,"score"
1,0.0594800636497439,0.807319616123401,"biased.metric"
