"df","LRT","pval","vars"
1,1.56146758885382,0.21145046637377,"study.length"
2,0.596373306642931,0.742162799667067,"sample.size"
2,4.07305143597841,0.130481252963725,"analysis2"
1,6.49801751125403,0.0107994845136414,"lit.type"
2,4.06659609976748,0.130903083540613,"score"
1,0.054261246238184,0.815807659398525,"biased.metric"
