"df","LRT","pval","vars"
2,1.11598689168125,0.572356376459252,"mowing"
2,0.536696649001669,0.764641391379554,"grazing"
2,2.74278526470096,0.253753328276776,"fertpest"
2,3.10728901342924,0.211475842534455,"water"
1,1.24034905608471,0.265403792811054,"nest.protect"
1,0.00678048465368875,0.93437340614606,"predator.control"
