"df","LRT","pval","vars"
1,1.56146758514569,0.211450466916057,"study.length"
2,0.59637331039437,0.742162798274978,"sample.size"
2,4.07305143668452,0.130481252917658,"analysis2"
1,6.49801750787765,0.0107994845341505,"lit.type"
2,4.0665960941767,0.130903083906538,"score"
1,0.0542612468038897,0.815807658455609,"biased.metric"
