"df","LRT","pval","vars"
1,1.78465163774149,0.181579167983418,"study.length"
2,0.522643721322765,0.770033036382912,"sample.size"
2,4.64677146695055,0.0979414200651444,"analysis2"
1,6.93149664047291,0.00846907890783253,"lit.type"
2,3.94215843678899,0.139306432994939,"score"
1,0.059480066520905,0.807319611564439,"biased.metric"
